{"interactionModel": {"languageModel": {"invocationName": "swagger petstore", "intents": [{"name": "AMAZON.CancelIntent", "samples": []}, {"name": "AMAZON.HelpIntent", "samples": []}, {"name": "AMAZON.StopIntent", "samples": []}, {"name": "AMAZON.NavigateHomeIntent", "samples": []}, {"name": "updatePet", "slots": [{"name": "id", "type": "AMAZON.NUMBER"}, {"name": "name", "type": "AMAZON.Ordinal"}, {"name": "status", "type": "AMAZON.Ordinal"}], "samples": ["$ rs60000 many christopher forever", "$ angelo \\sqrt \\sqrt \\sqrt", "Update an existing pet", "update an existing pet {id} {name} {status}", "update an existing darling {id} {name} {status}", "update an existing favorite {id} {name} {status}", "$ + visualization tolerated utero", "$ angelo theoretically recordings \\sin"]}, {"name": "addPet", "slots": [{"name": "id", "type": "AMAZON.NUMBER"}, {"name": "name", "type": "AMAZON.Ordinal"}, {"name": "status", "type": "AMAZON.Ordinal"}], "samples": ["$ -advance tsunamis those a*", "Add a new darling to the shop {id} {name} {status}", "$ \\latex apocalypse those tolerated", "Add a new pet to the store", "Add a new pet to the shop {id} {name} {status}", "Add a new favorite to the store {id} {name} {status}", "$ tolerated constipation incentive scanner", "Add a new darling to the store {id} {name} {status}", "Add a new favorite to the shop {id} {name} {status}", "$ $ angelo those thoughtful", "Add a new pet to the store {id} {name} {status}"]}, {"name": "getPetById", "slots": [{"name": "petId", "type": "AMAZON.NUMBER"}], "samples": ["discovery darling by ID {petId}", "find pet by Idaho {petId}", "breakthrough darling by Idaho {petId}", "breakthrough pet by Gem_State {petId}", "discovery favorite by Gem_State {petId}", "breakthrough pet by ID {petId}", "breakthrough favorite by ID {petId}", "$ -advance html canned yzf", "$ organisation application a* \\sin", "discovery favorite by Idaho {petId}", "$ fu a* \\sin \\sqrt", "discovery pet by ID {petId}", "breakthrough darling by Gem_State {petId}", "discovery pet by Idaho {petId}", "discovery favorite by ID {petId}", "discovery darling by Idaho {petId}", "find pet by ID {petId}", "breakthrough pet by Idaho {petId}", "breakthrough favorite by Gem_State {petId}", "discovery darling by Gem_State {petId}", "discovery pet by Gem_State {petId}", "find favorite by Gem_State {petId}", "breakthrough favorite by Idaho {petId}", "$ organisation yzf onions tendonitis", "find darling by ID {petId}", "Find pet by ID", "find darling by Idaho {petId}", "find favorite by ID {petId}", "find favorite by Idaho {petId}", "find darling by Gem_State {petId}", "find pet by Gem_State {petId}", "breakthrough darling by ID {petId}"]}, {"name": "deletePet", "slots": [{"name": "api_key", "type": "AMAZON.Ordinal"}, {"name": "petId", "type": "AMAZON.NUMBER"}], "samples": ["$ $ $ $ $", "$ $ $ $ $", "$ $ $ $ $", "Deletes a pet", "Deletes a favorite {api_key} {petId}", "Deletes a pet {api_key} {petId}", "$ $ $ $ $", "Deletes a darling {api_key} {petId}"]}, {"name": "getOrderById", "slots": [{"name": "orderId", "type": "AMAZON.NUMBER"}], "samples": ["find purchase order_of_magnitude by Gem_State {orderId}", "discovery purchase order_of_magnitude by ID {orderId}", "breakthrough purchase order_of_magnitude by ID {orderId}", "breakthrough purchase order by ID {orderId}", "breakthrough purchase order_of_magnitude by Gem_State {orderId}", "breakthrough purchase order by Idaho {orderId}", "discovery purchase order_of_magnitude by Idaho {orderId}", "discovery purchase order by ID {orderId}", "find purchase order by Idaho {orderId}", "discovery purchase order_of_magnitude by Gem_State {orderId}", "$ fu theodore yzf couple", "find purchase order by Gem_State {orderId}", "breakthrough purchase order_of_magnitude by Idaho {orderId}", "find purchase order_of_magnitude by Idaho {orderId}", "find purchase order by ID {orderId}", "Find purchase order by ID", "$ fu diarrhea inverted inverted", "$ fu wondering ally formulae", "discovery purchase order by Gem_State {orderId}", "$ fu spiritualism commite self-confidence", "find purchase order_of_magnitude by ID {orderId}", "discovery purchase order by Idaho {orderId}", "breakthrough purchase order by Gem_State {orderId}"]}, {"name": "deleteOrder", "slots": [{"name": "orderId", "type": "AMAZON.NUMBER"}], "samples": ["delete purchase order by Gem_State {orderId}", "erase purchase order_of_magnitude by Idaho {orderId}", "cancel purchase order by Gem_State {orderId}", "$ fu highway initial angelo", "$ fu recognizing organisation a*", "cancel purchase order by ID {orderId}", "delete purchase order_of_magnitude by Idaho {orderId}", "$ vietnamese tolerated troll tolerated", "delete purchase order_of_magnitude by Gem_State {orderId}", "erase purchase order_of_magnitude by ID {orderId}", "erase purchase order by Gem_State {orderId}", "cancel purchase order_of_magnitude by ID {orderId}", "delete purchase order by ID {orderId}", "cancel purchase order by Idaho {orderId}", "delete purchase order by Idaho {orderId}", "$ fu linksys .gif ibiza", "delete purchase order_of_magnitude by ID {orderId}", "cancel purchase order_of_magnitude by Idaho {orderId}", "Delete purchase order by ID", "cancel purchase order_of_magnitude by Gem_State {orderId}", "erase purchase order by Idaho {orderId}", "erase purchase order by ID {orderId}", "erase purchase order_of_magnitude by Gem_State {orderId}"]}, {"name": "loginUser", "slots": [{"name": "username", "type": "AMAZON.Ordinal"}, {"name": "password", "type": "AMAZON.Ordinal"}], "samples": ["log user into the scheme {username} {password}", "logarithm exploiter into the system {username} {password}", "$ graduated-student ' a* \\sin", "logarithm user into the scheme {username} {password}", "$ ++c a* \\sin a*", "log exploiter into the scheme {username} {password}", "log user into the system {username} {password}", "$ -advance html canned yzf", "log exploiter into the system {username} {password}", "logarithm user into the system {username} {password}", "$ fu foliated foliated foliated", "logarithm exploiter into the scheme {username} {password}", "Logs user into the system"]}, {"name": "getUserByName", "slots": [{"name": "username", "type": "AMAZON.Ordinal"}], "samples": ["$ a* \\sin \\sqrt \\sqrt", "acquire user by user name {username}", "$ -advance html a* \\sin", "$ surf a* \\sin \\sqrt", "get user by user name {username}", "get exploiter by exploiter name {username}", "$ incentive canned yzf hdmi", "acquire exploiter by exploiter name {username}", "Get user by user name"]}, {"name": "deleteUser", "slots": [{"name": "username", "type": "AMAZON.Ordinal"}], "samples": ["$ angelo dots apk pcs", "delete exploiter {username}", "erase exploiter {username}", "cancel user {username}", "delete user {username}", "$ a* \\sin a* \\sin", "Delete user", "cancel exploiter {username}", "$ cadder restore intelligence/iq smoke-free", "$ angelo module module module", "erase user {username}"]}]}}}